time,operation,density
28856700,Dummy,
28860086,iPSPlateCoating,
28860165,iPSGetImage,0.41482260140946026
28860176,iPSPassage,
28861626,iPSGetImage,0.005605200484994028
