time,operation,density
28865077,HEKPassage,
28866466,HEKGetImage,0.34699570844359345
28867186,HEKGetImage,0.5289814782201783
28867906,HEKGetImage,0.7441656888883895
