time,operation,density
28865077,HEKPassage,
28866477,HEKGetImage,0.3071497058653056
28867198,HEKGetImage,0.5333581203750651
