time,operation,density
28856820,Dummy,
28859919,iPSPlateCoating,
28859998,iPSGetImage,0.36883222423083206
28860009,iPSPassage,
28861449,iPSGetImage,0.005625451248776225
28861461,iPSMediumChange,
