time,operation,density
28860890,HEKPassage,
28861654,HEKGetImage,0.13300873620821393
28862290,HEKGetImage,0.24832669185052822
