time,operation,density
28860890,HEKPassage,
28861602,HEKGetImage,0.12401875876871568
28862325,HEKGetImage,0.22212547152722384
