time,operation,density
28856580,Dummy,
28860253,iPSPlateCoating,
28860332,iPSGetImage,0.524070248826233
28860343,iPSPassage,
28861783,iPSGetImage,0.006547695335033121
