time,operation,density
28865077,HEKPassage,
28866558,HEKGetImage,0.291819924083761
28867292,HEKGetImage,0.5721238964300642
