time,operation,density
28860890,HEKPassage,
28861614,HEKGetImage,0.1274524087860173
28862301,HEKGetImage,0.2308563790110142
28863021,HEKGetImage,0.38075149006599796
