time,operation,density
28865077,HEKPassage,
28866558,HEKGetImage,0.291819924083761
28867292,HEKGetImage,0.5721238964300642
28868079,HEKGetImage,0.8027811836978946
28868220,HEKGetImage,0.8569162638649548
