time,operation,density
28856700,Dummy,
28860086,iPSPlateCoating,
28860165,iPSGetImage,0.41482260140946026
28860176,iPSPassage,
28861626,iPSGetImage,0.005605200484994028
28861637,iPSMediumChange,
28863094,iPSGetImage,0.005479247109149964
28865035,iPSGetImage,0.009305050425164899
28865046,iPSMediumChange,
28866489,iPSGetImage,0.016687392086361774
28866502,iPSMediumChange,
28867942,iPSGetImage,0.03694375736616835
28867954,iPSMediumChange,
